<?xml version="1.0" encoding="UTF-8" ?>
<!DOCTYPE configuration
  PUBLIC "-//mybatis.org//DTD Config 3.0//EN"
  "http://mybatis.org/dtd/mybatis-3-config.dtd">
<configuration>
    <!--<settings>
        <setting name="logImpl" value="LOG4J"/>        
    </settings>-->
    
    
    <properties resource="config.properties">
    </properties>
    <typeAliases>
        <typeAlias type="edu.eci.cvds.samples.entities.Cliente" alias="Cliente"/>
        <typeAlias type="edu.eci.cvds.samples.entities.Item" alias="Item"/>
        <typeAlias type="edu.eci.cvds.samples.entities.ItemRentado" alias="ItemRentado"/>
        <typeAlias type="edu.eci.cvds.samples.entities.TipoItem" alias="TipoItem"/>
    </typeAliases>	

    <environments default="development">
        <environment id="development">
            <transactionManager type="JDBC" />
            <dataSource type="POOLED">
                <property name="driver" value="${driver}" />
                <!--property name="url" value="jdbc:mysql://localhost:3306/video_rental"/!-->
                <property name="url" value="${url}"/>
                <property name="username" value="${username}" />
                <property name="password" value="${password}" />

                <!--property name="url" value="jdbc:mysql://localhost:3306/video_rental"/!-->
            </dataSource>
        </environment>
    </environments>
        
    <mappers>
        <mapper resource="mappers/ClienteMapper.xml"></mapper>
        <mapper resource="mappers/ItemMapper.xml"></mapper>
        <mapper resource="mappers/TipoItemMapper.xml"></mapper> 
        <mapper resource="mappers/ItemRentadoMapper.xml"></mapper>
    </mappers> 
        
        
</configuration>
