<?xml version="1.0" encoding="UTF-8" ?>
<!DOCTYPE mapper
  PUBLIC "-//mybatis.org//DTD Mapper 3.0//EN"
  "http://mybatis.org/dtd/mybatis-3-mapper.dtd">
  
<mapper namespace="edu.eci.cvds.sampleprj.dao.mybatis.mappers.ItemRentadoMapper">

<select parameterType="map" id="consultarItemRentado" resultMap="ItemRentadoResult">
</select>
<resultMap type='ItemRentado' id='ItemRentadoResult'>
<id property='id' column='id'/>
<result property='fechainiciorenta' column='fechainiciorenta'/>
<result property='fechafinrenta' column='fechafinrenta'/>
<association property="documento" javaType="Cliente" columnPrefix="Cliente_">
</association>
<association property="item" javaType="Item" columnPrefix="Item_">
</association>

</resultMap>
          	
</mapper>